{"r2": 0.5547952992267535, "mae": 33.12865789473684, "feature_importance": {"_type": "image-file", "path": "media/images/feature_importance_0_fbaf0f73.png", "sha256": "fbaf0f73e393e8f8191ea768471417b91b036269a7446793d13ceafc390624b7", "size": 33758, "format": "png", "width": 1000, "height": 1000}, "_runtime": 184, "_timestamp": 1624945151, "_step": 0}