{"r2": 0.5065482217496781, "mae": 35.039738486842104, "feature_importance": {"_type": "image-file", "path": "media/images/feature_importance_0_6b771df6.png", "sha256": "6b771df62f8823ba04861b4f2f5c2bbca5fb525725154bf3a97fdafc89b19a5d", "size": 33228, "format": "png", "width": 1000, "height": 1000}, "_runtime": 103, "_timestamp": 1624945070, "_step": 0}