{"r2": 0.5596907842494536, "mae": 33.17286513157895, "feature_importance": {"_type": "image-file", "path": "media/images/feature_importance_0_945bfa7d.png", "sha256": "945bfa7dbc279311195294db34be3e04beaa8fded011389bb9f7c3caa1b84148", "size": 33173, "format": "png", "width": 1000, "height": 1000}, "_runtime": 253, "_timestamp": 1624945220, "_step": 0}