{"r2": 0.5594017759801301, "mae": 32.99974835526316, "feature_importance": {"_type": "image-file", "path": "media/images/feature_importance_0_dd664618.png", "sha256": "dd6646183661fb5b40ed7346540c5ab1d3b3a6bf6c6dec456dc8136498d15a83", "size": 33768, "format": "png", "width": 1000, "height": 1000}, "_runtime": 237, "_timestamp": 1624945204, "_step": 0}