{"r2": 0.5554115487254865, "mae": 33.24032730263158, "feature_importance": {"_type": "image-file", "path": "media/images/feature_importance_0_df78009f.png", "sha256": "df78009fccb95cb30ded3ff2b7860ae990f0f2724c14df856b0ef24c3efb3ece", "size": 33180, "format": "png", "width": 1000, "height": 1000}, "_runtime": 175, "_timestamp": 1624945273, "_step": 0}