{"r2": 0.5043727837725891, "mae": 35.06553453947369, "feature_importance": {"_type": "image-file", "path": "media/images/feature_importance_0_b7eb52d9.png", "sha256": "b7eb52d94500714ac6daa9729b476397e7d80cfd55de8f2975b36eb3baeb9550", "size": 33764, "format": "png", "width": 1000, "height": 1000}, "_runtime": 135, "_timestamp": 1624945102, "_step": 0}