{"r2": 0.44752578751040883, "mae": 37.535281250000004, "feature_importance": {"_type": "image-file", "path": "media/images/feature_importance_0_00b83828.png", "sha256": "00b838283b12244b584a4a3cfc0995ccf5dff17f6a5b81c35fdfada0e1ffefe8", "size": 33234, "format": "png", "width": 1000, "height": 1000}, "_runtime": 92, "_timestamp": 1624945059, "_step": 0}