{"r2": 0.4085421825864888, "mae": 38.97346217105263, "feature_importance": {"_type": "image-file", "path": "media/images/feature_importance_0_91cd4324.png", "sha256": "91cd43248e1a0c9222a34253bc5d5e60347b9d7293253bb57a6d5dfac6b6501a", "size": 33235, "format": "png", "width": 1000, "height": 1000}, "_runtime": 97, "_timestamp": 1624945064, "_step": 0}