{"r2": 0.558762446113769, "mae": 33.023942434210525, "feature_importance": {"_type": "image-file", "path": "media/images/feature_importance_0_796cea2e.png", "sha256": "796cea2e503657a57e17896d948099f994b0e24d85b1b8a843876329924a17f4", "size": 33730, "format": "png", "width": 1000, "height": 1000}, "_runtime": 166, "_timestamp": 1624945259, "_step": 0}