{"r2": 0.48375819537528686, "mae": 35.938315789473684, "feature_importance": {"_type": "image-file", "path": "media/images/feature_importance_0_84c30eca.png", "sha256": "84c30eca2ba8a48bd8df7dbabc12e46309b47b9a815c8fdafa01d1b0d876421a", "size": 33233, "format": "png", "width": 1000, "height": 1000}, "_runtime": 99, "_timestamp": 1624945066, "_step": 0}