{"r2": 0.32246088684605867, "mae": 42.30520065789474, "feature_importance": {"_type": "image-file", "path": "media/images/feature_importance_0_2bc722a3.png", "sha256": "2bc722a320d6c82c9a412b4d97e6f22542ee2b230bb8c4c55838de631891acc8", "size": 33784, "format": "png", "width": 1000, "height": 1000}, "_runtime": 89, "_timestamp": 1624945187, "_step": 0}