{"r2": 0.5541790357772942, "mae": 33.26802796052631, "feature_importance": {"_type": "image-file", "path": "media/images/feature_importance_0_d3e606b6.png", "sha256": "d3e606b63124aff09ad2257f26871ae07b98c3353e8a2d300baf95c11350e442", "size": 33184, "format": "png", "width": 1000, "height": 1000}, "_runtime": 268, "_timestamp": 1624945235, "_step": 0}