{"r2": 0.5563972513157811, "mae": 33.09172532894737, "feature_importance": {"_type": "image-file", "path": "media/images/feature_importance_0_5d584116.png", "sha256": "5d5841166da0f6125a1ea8e37f2da742eb3bf969a3141a75021f3a78726d8392", "size": 33749, "format": "png", "width": 1000, "height": 1000}, "_runtime": 238, "_timestamp": 1624945205, "_step": 0}