{"r2": 0.5572158227107591, "mae": 33.13332236842105, "feature_importance": {"_type": "image-file", "path": "media/images/feature_importance_0_d9052bef.png", "sha256": "d9052bef7d07b103d2cc5763639387c7989e390713edc4535c4d7eb3a8bb7662", "size": 33215, "format": "png", "width": 1000, "height": 1000}, "_runtime": 167, "_timestamp": 1624945134, "_step": 0}