{"r2": 0.5603328370668457, "mae": 33.064509868421055, "feature_importance": {"_type": "image-file", "path": "media/images/feature_importance_0_6efa40ca.png", "sha256": "6efa40ca280c7fc4e5eed7a7a5a6299ce128c4f3d777c8016ad090fc410a57b7", "size": 33186, "format": "png", "width": 1000, "height": 1000}, "_runtime": 231, "_timestamp": 1624945198, "_step": 0}