{"r2": 0.5493514908717645, "mae": 33.41601480263158, "feature_importance": {"_type": "image-file", "path": "media/images/feature_importance_0_11759f0b.png", "sha256": "11759f0bfb4d9d95e5adc10ae1b9d8b3214836dab58bc9caa3e732c12ab65549", "size": 33195, "format": "png", "width": 1000, "height": 1000}, "_runtime": 43, "_timestamp": 1624944371, "_step": 0}